"text","created_at","retweet_count","favorite_count","display_text_width"
"Twitter is out of control, made possible through the government gift of Section 230!",2020-11-06 07:23:33,51941,275484,84
"I easily WIN the Presidency of the United States with LEGAL VOTES CAST. The OBSERVERS were not allowed, in any way, shape, or form, to do their job and therefore, votes accepted during this period must be determined to be ILLEGAL VOTES. U.S. Supreme Court should decide!",2020-11-06 07:22:47,0,0,270
"So now the Democrats are working to gain control of the U.S. Senate through their actions on John James, David Perdue, and more. Would End the Filibuster, “Life”, 2A, and would Pack and Rotate the Court. Presidency becomes even more important. We will win!",2020-11-06 07:20:19,38942,191015,256
"https://t.co/11BmRoMKa3",2020-11-06 02:38:49,0,0,23
"https://t.co/U4x4etE097",2020-11-06 02:38:43,0,0,23
"https://t.co/ityeypdGDi",2020-11-06 02:38:34,26763,134737,23
"https://t.co/HhiK6eDVds",2020-11-06 02:38:01,0,0,23
"News Conference at 6:30 P.M.",2020-11-05 23:26:07,38914,343906,28
"STOP THE FRAUD!",2020-11-05 17:21:45,0,0,15
"All of the recent Biden claimed States will be legally challenged by us for Voter Fraud and State Election Fraud. Plenty of proof - just check out the Media. WE WILL WIN! America First!",2020-11-05 16:22:46,0,0,185
"Big legal win in Pennsylvania!",2020-11-05 16:07:27,83257,636370,30
"Jobless Claims Dip to 751,000, Lowest Since March https://t.co/dzuJpS78nb via @BreitbartNews",2020-11-05 15:38:45,23046,130361,92
"Fmr NV AG Laxalt: ‘No Question‘ Trump Would Have Won Nevada ‘Convincingly‘ Without Mail-in Voting https://t.co/pm4Wpfr6x0 via @BreitbartNews",2020-11-05 15:37:40,26328,116596,140
"ANY VOTE THAT CAME IN AFTER ELECTION DAY WILL NOT BE COUNTED!",2020-11-05 15:09:19,0,0,61
"STOP THE COUNT!",2020-11-05 14:12:37,116325,707785,15
"Detroit Absentee Ballot Counting Chaos, Blocked Windows and Observers https://t.co/KzIwhbQrDt via @BreitbartNews",2020-11-05 00:01:07,70850,246560,112
"Demands Arise for PA Attorney General to ‘Step Aside‘ https://t.co/jrED09zpK1 via @BreitbartNews",2020-11-05 00:00:05,43981,170074,96
"Our lawyers have asked for “meaningful access”, but what good does that do? The damage has already been done to the integrity of our system, and to the Presidential Election itself. This is what should be discussed!",2020-11-04 23:24:59,91709,530766,215
".....there was a large number of secretly dumped ballots as has been widely reported!",2020-11-04 21:56:11,0,0,85
"We have claimed, for Electoral Vote purposes, the Commonwealth of Pennsylvania (which won’t allow legal observers) the State of Georgia, and the State of North Carolina, each one of which has a BIG Trump lead. Additionally, we hereby claim the State of Michigan if, in fact,.....",2020-11-04 21:56:10,74383,353182,279
"We are winning Pennsylvania big, but the PA Secretary of State just announced that there are “Millions of ballots left to be counted.”",2020-11-04 18:52:32,63696,388819,134
"Wow! It looks like Michigan has now found the ballots necessary to keep a wonderful young man, John James, out of the U.S. Senate. What a terrible thing is happening!",2020-11-04 18:43:43,77508,418193,166
"They are working hard to make up 500,000 vote advantage in Pennsylvania disappear — ASAP. Likewise, Michigan and others!",2020-11-04 17:01:15,0,0,120
"They are finding Biden votes all over the place — in Pennsylvania, Wisconsin, and Michigan. So bad for our Country!",2020-11-04 16:55:31,102757,625631,115
"WHAT IS THIS ALL ABOUT? https://t.co/6487pYLZnL",2020-11-04 15:35:15,43061,160696,23
"How come every time they count Mail-In ballot dumps they are so devastating in their percentage and power of destruction?",2020-11-04 15:17:14,87816,549554,121
"Last night I was leading, often solidly, in many key States, in almost all instances Democrat run &amp; controlled. Then, one by one, they started to magically disappear as surprise ballot dumps were counted. VERY STRANGE, and the “pollsters” got it completely &amp; historically wrong!",2020-11-04 15:04:04,0,0,286
"We are up BIG, but they are trying to STEAL the Election. We will never let them do it. Votes cannot be cast after the Polls are closed!",2020-11-04 05:49:04,0,0,136
"I will be making a statement tonight. A big WIN!",2020-11-04 05:45:53,133951,925759,48
"WE ARE LOOKING REALLY GOOD ALL OVER THE COUNTRY. THANK YOU!",2020-11-03 23:15:55,109889,960427,59
"Get out &amp; VOTE! Under my Administration, our ECONOMY is growing at the fastest rate EVER at 33.1%. Next year will be the GREATEST ECONOMIC YEAR in American History!

Find your polling place below. https://t.co/OODmll3Snt",2020-11-03 20:37:24,28676,184261,224
"https://t.co/zX4bqgtWqH",2020-11-03 18:22:25,24638,137168,23
"https://t.co/SMaOF79kPV",2020-11-03 18:22:16,29525,151360,23
"A parade for me in Nigeria, a great honor! https://t.co/EHiSQMFvSZ",2020-11-03 17:38:29,86908,512407,66
"https://t.co/oLOa4kC1i0",2020-11-03 16:53:54,39951,206033,23
"https://t.co/gsFSghkmdM",2020-11-03 14:04:57,19866,133250,23
"VOTE! VOTE! VOTE!
https://t.co/85ySh1KYkh",2020-11-03 07:57:08,170048,897111,41
"Thank you Matt! https://t.co/hWiyWpvf8o",2020-11-03 07:30:20,16596,116940,15
"Thank you Paris. Keep up the GREAT work! https://t.co/jPT046qOTU",2020-11-03 07:28:18,16846,119850,40
"To all of our supporters: thank you from the bottom of my heart. You have been there from the beginning, and I will never let you down. Your hopes are my hopes, your dreams are my dreams, and your future is what I am fighting for every single day! https://t.co/gsFSghkmdM https://t.co/fLek4keQ1t",2020-11-03 07:01:28,62352,310574,271
"Thank you Brad! https://t.co/Rdcp9D76Ol",2020-11-03 07:00:06,7452,52407,15
"https://t.co/hLuyRy0WNU",2020-11-03 06:42:56,9416,62312,23
"https://t.co/tyZW5hYRIY",2020-11-03 06:42:07,7715,48343,23
"https://t.co/mpusBndpcH",2020-11-03 06:41:58,7789,49871,23
"THANK YOU MICHIGAN!
https://t.co/uKkJz6ioO2",2020-11-03 06:31:43,12610,75905,43
"Our prayers are with the people of Vienna after yet another vile act of terrorism in Europe. These evil attacks against innocent people must stop. The U.S. stands with Austria, France, and all of Europe in the fight against terrorists, including radical Islamic terrorists.",2020-11-03 04:25:17,39820,239471,273
"Heading to GRAND RAPIDS, MICHIGAN after a great evening in KENOSHA, WISCONSIN! Get out and VOTE tomorrow, let’s MAKE AMERICA GREAT AGAIN! https://t.co/k6vyL1hLqL",2020-11-03 04:02:55,18225,107078,161
"A vote for Sleepy Joe Biden is a vote to give control of government over to Globalists, Communists, Socialists, and Wealthy Liberal Hypocrites who want to silence, censor, cancel, and punish you. Get out and VOTE #MAGA tomorrow! https://t.co/gsFSghkmdM",2020-11-03 03:45:50,17099,77480,252
"Biden has vowed to ABOLISH the American oil and natural gas industries, and BAN fracking. As long as I am President, we will remain the number one producer of oil and natural gas on earth – and we will remain Energy Independent! https://t.co/gsFSghkmdM https://t.co/v1RYeAvhC4",2020-11-03 03:43:23,14467,69830,252
"A vote for me and the Republican Party is a vote for the American Dream! Over the next four years, we will make America into the Manufacturing Superpower of the World, and we will end our reliance on China once and for all. https://t.co/gsFSghkmdM https://t.co/S7PAIqWd0y",2020-11-03 03:37:14,18803,97825,247
"I am asking you to go VOTE for your favorite president, we still have work to do! Let’s WIN, WIN, WIN! https://t.co/ysLmOS689V",2020-11-03 03:33:39,16908,92702,126
"https://t.co/hIQJEO7JOY",2020-11-03 03:32:20,7710,46589,23
"https://t.co/JXkiePOLMb",2020-11-03 03:32:11,7324,44515,23
"THANK YOU WISCONSIN! 
https://t.co/oqG7u6KAiq",2020-11-03 03:30:45,9453,59237,45
"https://t.co/fKMVDC5vXT",2020-11-03 01:41:52,12104,56909,23
"The Supreme Court decision on voting in Pennsylvania is a VERY dangerous one. It will allow rampant and unchecked cheating and will undermine our entire systems of laws. It will also induce violence in the streets. Something must be done!",2020-11-03 01:02:36,0,0,238
"https://t.co/gsFSghkmdM https://t.co/09vZvRrS1V",2020-11-03 00:53:04,14290,79237,23
"THANK YOU MICHIGAN! Tomorrow, you have the power, with your vote, to save AMERICA! So get your friends, get your family, get your neighbors and co-workers, and GET OUT AND VOTE! Together, WE will MAKE AMERICA GREAT AGAIN! https://t.co/r51nIlOrKx",2020-11-03 00:46:59,18676,85872,245
"Over the next 4 years, we will teach our children to love our Country, honor our history, and always respect our great American Flag—and with God’s help, we will defend the right to life, religious liberty, and the right to KEEP AND BEAR ARMS! https://t.co/gsFSghkmdM",2020-11-03 00:43:24,16475,76228,267
"For 47 years, Joe Biden viciously attacked Black Americans. He called young black men “super predators.” To every black American: I am asking for your vote. This is your one and only chance to show Sleepy Joe what you think of his decision to attack you, jail you, and betray you!",2020-11-03 00:42:12,38759,186059,280
"Joe Biden would increase refugees from terrorist nations by 700%. His plan would overwhelm your communities and turn Michigan, Minnesota, Wisconsin and the entire Midwest into a refugee camp. I am protecting your families and keeping Radical Islamic Terrorists OUT of our Country!",2020-11-03 00:40:43,28044,133992,280
"A vote for Joe Biden is a vote to extinguish and eradicate your state’s auto industry. Biden is a corrupt politician who SOLD OUT Michigan to CHINA. Biden is the living embodiment of the decrepit and depraved political class that got rich bleeding America Dry!",2020-11-03 00:40:16,23024,113042,260
"I just signed an executive order to teach our students PRO-AMERICAN Values! https://t.co/WjPo7Qgooz",2020-11-03 00:36:58,17437,91139,99
"Sleepy Joe Biden has vowed to ABOLISH the American oil and natural gas industries, and BAN fracking. Biden’s energy ban will send every state into crushing poverty, from Michigan, to Wisconsin to Arizona to Pennsylvania. https://t.co/gsFSghkmdM",2020-11-03 00:33:09,9878,46100,244
"https://t.co/yxoigJdsMz",2020-11-03 00:31:26,7603,43832,23
"Just landed in Traverse City, Michigan. Big crowd!",2020-11-02 22:39:44,22038,224662,50
"¡Mi #AmericanDreamPlan es una promesa para los hispanoamericanos de impulsar una economía próspera, proveer oportunidades de educación para todos, preservar la libertad y apoyar la fe, la familia y la comunidad! https://t.co/RSuEyIFQ0W",2020-11-02 22:24:45,18421,90027,235
"My #AmericanDreamPlan is a promise to Hispanic Americans to fuel a thriving economy, provide education opportunity for all, preserve freedom, and support faith, family, and community! 
https://t.co/5VPkbZPavC",2020-11-02 22:23:29,13903,71672,208
"As Christians throughout this great Country celebrate All Souls Day, let’s remember those who went before us and built this great nation. May their legacy inspire us as we keep our nation what it has always been: blessed and great!",2020-11-02 22:12:45,26359,149105,231
"For years you had a President who apologized for America – now you have a President who is standing up for America, and standing up for PENNSYLVANIA. Tomorrow, you have the power, with your vote, to save AMERICA! GET OUT AND VOTE!! #MAGA https://t.co/Sx0PBaplkJ",2020-11-02 21:49:08,15017,69247,261
"With your VOTE, we will continue to cut your taxes and regs, support our police, support our military, protect your 2A, defend religious liberty &amp; ensure more products are proudly stamped MADE IN THE USA! Next year will be the greatest economic year in the history of our Country! https://t.co/xiOTYudYic",2020-11-02 21:46:29,13865,67729,284
"...no future for America’s youth. A vote for Biden is a vote for Lockdowns, Layoffs and Misery. Get out and VOTE tomorrow! https://t.co/gsFSghkmdM",2020-11-02 21:33:21,9696,48522,146
"Joe Biden is promising to delay the vaccine and turn America into a prison state—locking you in your home while letting far-left rioters roam free. The Biden Lockdown will mean no school, no graduations, no weddings, no Thanksgiving, no Christmas, no Fourth of July, and...",2020-11-02 21:33:20,28812,121550,273
"If I don’t sound like a typical Washington politician, it’s because I’m NOT a politician. If I don’t always play by the rules of the Washington Establishment, it’s because I was elected to fight for YOU, harder than anyone ever has before! https://t.co/gsFSghkmdM https://t.co/eVdVbUUwPM",2020-11-02 21:30:19,13078,63563,263
"Yesterday, I was thrilled to be endorsed by the Pittsburgh Post-Gazette, the first time the paper has endorsed a Republican for president in half a century. Thank you! #MAGA https://t.co/hwwazi2SQY",2020-11-02 21:24:49,10189,53729,197
"...He was a cheerleader for NAFTA and China’s entry into the WTO. Pennsylvania lost half of its manufacturing jobs after those Biden Calamities. Joe Biden is a corrupt politician who SOLD OUT Pennsylvania to CHINA!",2020-11-02 21:24:03,10668,51942,214
"Joe Biden is a globalist who spent 47 years outsourcing your jobs, opening your borders, and sacrificing American blood and treasure in endless foreign wars. He shuttered your steel mills, annihilated your coal jobs, and supported every disastrous trade deal for half a century...",2020-11-02 21:24:02,24435,111013,280
"Joe Biden’s plan to BAN FRACKING is an Economic DEATH SENTENCE for Pennsylvania. A vote for Biden is a vote to Ban Fracking, Outlaw Mining, explode energy costs, and totally DESTROY Pennsylvania. Get out tomorrow and VOTE #TrumpPence2020! https://t.co/niFJw558En",2020-11-02 21:20:15,8754,40297,262
"https://t.co/cnRzJEwXKO",2020-11-02 21:18:34,6738,37398,23
"THANK YOU PENNSYLVANIA!
https://t.co/pI55IZbmJ1",2020-11-02 21:17:31,9697,55390,47
"I gave Maine everything that Obama/Biden took away from it. 5000 square miles, Lobster, Fishing, ended tariffs from China and E.U. and much more. Vote Trump Maine!",2020-11-02 19:29:20,19397,103827,163
"Landing in Scranton, Pennsylvania!",2020-11-02 19:24:45,13749,146569,34
"Just signed an order to establish the 1776 Commission. We will stop the radical indoctrination of our students, and restore PATRIOTIC EDUCATION to our schools!",2020-11-02 19:22:20,54829,266544,159
"Joe Biden is bought and paid for by Big Tech, Big Media, Big Donors, and powerful special interests. They are desperate for him to win because they own him, they control him, and they know he will always do their bidding! https://t.co/gsFSghkmdM https://t.co/7zJvOFACWz",2020-11-02 19:12:47,13574,60316,245
"The Depraved Swamp have been trying to stop me – because they know I don’t answer to THEM – I answer only to YOU. Together, we will defeat the corrupt establishment, we will DETHRONE the failed political class, we will drain the Washington Swamp &amp; we will SAVE THE AMERICAN DREAM!",2020-11-02 19:05:15,32040,132178,284
"Biden will RAISE YOUR TAXES (Biggest increase ever!).",2020-11-02 18:48:01,22582,137580,53
"Biden NEVER named his list of Supreme Court Justices. Never even said whether or not he was going to Pack the Court. So how do you vote for this guy?",2020-11-02 18:44:29,18624,108976,149
"MAKE AMERICA GREAT AGAIN!
https://t.co/gsFSghkmdM https://t.co/390duZCB6P",2020-11-02 18:41:56,21865,92648,49
"We have more Cases because we have more Testing!",2020-11-02 18:35:24,30522,292949,48
"https://t.co/RkRbEQcLpW",2020-11-02 18:27:10,7537,40251,23
"Biden can never negotiate with China. They would own the U.S. if he were ever President!",2020-11-02 18:26:56,26981,167622,88
"https://t.co/JNQQOwmP7B",2020-11-02 18:26:52,5999,33719,23
"https://t.co/zvfI1eOKj6",2020-11-02 18:26:35,6199,36124,23
"...our noble history, heritage &amp; heroes; and ANTIFA, the rioters, looters, Marxists, &amp; left-wing extremists. THEY ALL SUPPORT JOE BIDEN!",2020-11-02 18:26:16,9511,45807,144
"...that killed our fellow citizens with illegal drugs, gangs &amp; crime; The far-left Democrats that ruined our public schools, depleted our inner cities, defunded our police, &amp; demeaned your sacred faith &amp; values; The Anti-American radicals defaming...",2020-11-02 18:26:15,9685,49049,262
"Every corrupt force in American life that betrayed you and hurt your are supporting Joe Biden: The failed establishment that started the disastrous foreign wars; The career politicians that offshored your industries &amp; decimated your factories; The open borders lobbyists...",2020-11-02 18:26:13,17817,74948,277
"THANK YOU NORTH CAROLINA!
https://t.co/zeRFGhMQqd",2020-11-02 18:22:15,7597,43648,49
"I PREPAID Millions of Dollars in FEDERAL INCOME TAXES!",2020-11-02 18:17:14,21933,160988,54
"“No President in history has done more for OHIO than President Trump.”",2020-11-02 18:12:51,16640,127058,70
"Biden was a pathetic laughing stock all over Washington for the horrible way he handled the H1N1 Swine Flu. Even his own Chief of Staff said he didn’t know what he was doing!",2020-11-02 18:08:47,16944,93784,174
"Texas, Pennsylvania:
 Biden is against Second Amendment and Fracking. Please remember!",2020-11-02 16:44:14,23788,129799,86
"Landing in North Carolina. See you soon!",2020-11-02 16:38:26,14639,158357,40
"On my way to North Carolina. Big crowds, see you in a little while! https://t.co/gsFSghkmdM",2020-11-02 16:20:50,8582,55686,91
"West Virginia, Get Out and Vote for Patrick Morrisey for Attorney General! He has my Complete and Total Endorsement! https://t.co/paz9zrmeFJ",2020-11-02 16:10:47,8682,43932,116
"This story is FALSE. They did nothing wrong. But the ANTIFA Anarchists, Rioters and Looters, who have caused so much harm and destruction in Democrat run cities, are being seriously looked at! https://t.co/3pmbMllPWS",2020-11-02 15:17:43,22599,94817,192
"Good Morning! Let’s #MAGA! 
https://t.co/gsFSghkmdM https://t.co/MF4A9aDG0R",2020-11-02 14:11:22,16965,77848,51
"As long as I’m in office, NEBRASKA, MICHIGAN, MINNESOTA, and OHIO will bounce back Bigger and Better than ever before! Early Vote polls close today in these Great States and we need YOU to get out and VOTE! Together, we’ll MAKE AMERICA GREAT AGAIN!! https://t.co/7KiL8PyWqG",2020-11-02 13:11:42,16105,81538,273
"...As I said at the debate – “Will you remember that Texas?Pennsylvania? Ohio? New Mexico?” I will always protect American Energy and American Jobs! Get out and VOTE #MAGA!",2020-11-02 06:51:43,17155,96743,172
"Just learned that Sleepy Joe Biden is campaigning in Pennsylvania with Lady Gaga, a proud member of “Artists Against Fracking.” This is more proof that he would ban Fracking and skyrocket your energy prices...",2020-11-02 06:51:42,39849,174515,209
"If you need information on how or where to VOTE, click below! #MAGA https://t.co/gsFSghkmdM",2020-11-02 06:35:55,9681,46528,91
"https://t.co/UELIArQgDG",2020-11-02 06:25:54,24110,129861,23
"For 47 years, Sleepy Joe Biden betrayed Hispanic-Americans. Now he wants to close your small businesses, eliminate school choice, and attack our Hispanic Law Enforcement Heroes. I will always stand with the incredible Hispanic-American community! https://t.co/4KMnlRkg7c",2020-11-02 06:03:47,13673,65015,270
"https://t.co/HkA8VQveK8",2020-11-02 06:02:18,7619,43893,23
"Under my leadership, our ECONOMY is now growing at the fastest rate EVER recorded—33.1%! #MAGA https://t.co/r80uItcwGn",2020-11-02 06:01:06,10109,55139,118
"Thank you Florida! #MAGA 
https://t.co/eRiIiumNIR",2020-11-02 05:55:34,9646,56333,49
"MAKE AMERICA GREAT AGAIN!",2020-11-02 04:24:32,49459,357726,25
"Getting ready to land in the Great State of Florida. See you soon!",2020-11-02 04:22:47,13054,133797,66
"Biden will repeal your Second Amendment and Pack the Court!",2020-11-02 04:21:07,24621,155957,59
"Remember, Third Quarter GDP is the biggest in U.S. history, by far. Next year will be our best ever!",2020-11-02 04:17:56,22356,140566,100
"https://t.co/br2k4cuC3F",2020-11-02 04:16:39,7521,41197,23
"Joe Biden is a corrupt politician who is bought and paid for by China! In 2016, Georgia voted to FIRE this corrupt political establishment and you elected an outsider as President who is finally putting AMERICA FIRST!
https://t.co/vPCsZmKSOX",2020-11-02 04:15:17,9828,47436,241
"https://t.co/Zh8KZ5v2sI",2020-11-02 04:10:45,7421,43483,23
"Thank you Georgia! #MAGA
https://t.co/q6cbQQ0RRh",2020-11-02 03:33:49,10604,62526,48
"https://t.co/NphLmt3evH",2020-11-02 03:32:59,8819,49303,23
"https://t.co/kKYQ9FCNLl",2020-11-02 03:32:49,6725,39870,23
"https://t.co/x6PBOixVOf",2020-11-02 03:32:41,6299,37379,23
"In my opinion, these patriots did nothing wrong. Instead, the FBI &amp; Justice should be investigating the terrorists, anarchists, and agitators of ANTIFA, who run around burning down our Democrat run cities and hurting our people! https://t.co/of6Lna3HMU",2020-11-02 01:18:53,28919,116157,232
"Thank you North Carolina! 
https://t.co/rOjbbWyDV2",2020-11-02 00:52:41,12882,73521,50
"People are forgetting that if Sleepy Joe Biden and the Radical Left Dems win, you will vey quickly lose your Second Amendment! https://t.co/gsFSghkmdM",2020-11-01 22:36:15,13135,58645,150
"Joe Biden is the candidate of rioters, looters, arsonists, gun-grabbers, flag-burners, Marxists, lobbyists, and special interests. I am the candidate of farmers, factory workers, police officers, and hard-working, law-abiding patriots of every race, religion and creed! #MAGA",2020-11-01 22:35:31,48001,203469,275
"Biden will terminate school choice, eliminate charter schools, defund religious schools, ban prayer in public schools, indoctrinate your children with Anti-American lies, and force you to subsidize extreme late-term abortion. We believe that every child is a Sacred Gift from God!",2020-11-01 22:35:04,31136,134854,280
"For decades, Joe Biden let other countries rip you off and cheat America blind! The only people who’ve benefited from his policies are himself &amp; his family. He shows up every 4 years, and then goes back to D.C. and caters to his special interests. My only special interest is YOU.",2020-11-01 22:34:37,24721,110327,284
"https://t.co/kKpYf6l0S1",2020-11-01 22:34:12,7716,41187,23
"https://t.co/pHQwes68K3",2020-11-01 22:34:04,6880,39874,23
"https://t.co/PRSxtZNspW",2020-11-01 22:33:57,6495,36900,23
"https://t.co/aJCL8ocG8c",2020-11-01 22:33:44,8274,49484,23
"Pennsylvania: Biden said that he doesn’t want Fracking. Besides, and more importantly, his handlers won’t allow Fracking. That would be the end of Pennsylvania!",2020-11-01 21:58:59,18402,99696,160
"Biden did a very POOR job of handling H1N1 Swine Flu, yet all he talks about is Covid, Covid, Covid, like he would actually know what he is doing. He doesn’t. Plus, he would be TERRIBLE with the Economy!",2020-11-01 21:53:03,23724,135893,203
"Thank you Iowa!",2020-11-01 21:40:42,17064,184853,15
"Michigan was GREAT! Landing now in Dubuque, Iowa. See you soon.",2020-11-01 19:22:36,18275,151565,63
"Chris Wallace of @FoxNews, by far the lowest rated of the Sunday morning news programs, can’t get over his poor debate performance, probably even worse than Sleepy Joe’s. His show is a total “hit job” on your favorite President, me!",2020-11-01 19:20:37,21627,126019,232
"Biden is a proven Castro puppet! Vote TRUMP",2020-11-01 19:08:34,33646,212917,43
"https://t.co/zKOgbNmRqL",2020-11-01 17:39:22,10511,55426,23
"https://t.co/WbWgZstbps",2020-11-01 17:36:59,9073,49003,23
"Under my leadership, our ECONOMY is now growing at the fastest rate EVER recorded—33.1%! While foreign nations are in freefall, we are creating the world’s greatest ECONOMIC POWERHOUSE! Get out and VOTE on November 3rd, so we can keep it going! #MAGA https://t.co/LMtLmbruru",2020-11-01 17:35:27,11866,56808,274
"You don’t have to take my word on Biden’s 47 years of treachery and betrayal. We have it on tape, watch! https://t.co/rQUAZt7EqX",2020-11-01 17:32:45,26815,78014,128
"I am standing up to the global special interests who got rich bleeding America Dry. The corrupt establishment hates me because I don’t answer to THEM – I answer to YOU! https://t.co/jVsBVaqs2R",2020-11-01 17:32:32,13157,57879,192
"Over the last 4 years, I have fought for Michigan like no one ever has! https://t.co/yYgb3OLeuy",2020-11-01 17:32:10,8500,46501,95
"THANK YOU MICHIGAN!
https://t.co/OsZuEqrWv1",2020-11-01 17:31:12,9802,56900,43
"WATCH: Antifa Shouts ‘Death to Your f**king Empire‘ While Burning U.S. Flag https://t.co/OPO3vE5asK via @BreitbartNews These are Criminal Anarchists and must be brought to Justice! Biden fears them. @FBI",2020-11-01 16:12:12,22791,70929,203
"GOP Rep. Jordan: Trump Winning Margin ‘Is Going to Be So Strong‘ -- ‘It‘s Going to Be a No-Doubter‘ https://t.co/o3iCRi4ROc via @BreitbartNews",2020-11-01 16:05:25,12381,56701,142
"Report: Democrats Growing More Anxious in Pennsylvania https://t.co/xRDgViR47O via @BreitbartNews  Biden would kill Fracking and our great 2nd Amendment. No wonder he’s losing Pennsylvania!",2020-11-01 15:58:20,11177,53495,189
"Being restored immediately. @Facebook stated that they made an “enforcement error”. Thank you! https://t.co/EJDJ0ztbT2",2020-11-01 15:41:22,17506,79555,94
"Joe Biden constantly used the term “Super Predator” when referring to young Black Men, according to my sources.",2020-11-01 15:34:50,25114,143915,111
"https://t.co/gsFSghkmdM https://t.co/zX4bqgtWqH",2020-11-01 15:16:25,24252,89229,23
"WISCONSIN! Vote to defend your family, your Country, and the American Way of Life. Get out and VOTE TODAY before In-Person Absentee Voting ends. Your vote will MAKE AMERICA GREAT AGAIN! https://t.co/1ZHvrX3Hgk",2020-11-01 15:10:59,11267,54539,209
"https://t.co/gsFSghkmdM https://t.co/EBtsPQznVV",2020-11-01 14:57:41,15767,80402,23
"....all I needed, everything went swimmingly from there. He was so highly regarded &amp; respected in Scotland and beyond that years of future turmoil was avoided. Sean was a great actor and an even greater man. Sincere condolences to his family!",2020-11-01 13:54:30,13815,114759,246
"The legendary actor, 007 Sean Connery, has past on to even greener fairways. He was quite a guy, and a tough character. I was having a very hard time getting approvals for a big development in Scotland when Sean stepped in and shouted,“Let him build the damn thing”. That was....",2020-11-01 13:54:29,21135,152302,279
"Biden wants to LOCKDOWN our Country, maybe for years. Crazy! There will be NO LOCKDOWNS. The great American Comeback is underway!!!",2020-11-01 13:25:20,40185,222174,131
"Joe Biden called Black Youth SUPER PREDATORS. They will NEVER like him, or vote for him. They are voting for “TRUMP”.",2020-11-01 12:57:34,30325,182294,117
"...The place was a mess and would have lost much more business if I hadn’t come along. Many new plants are starting. Foreign countries and companies now treat the USA, and Michigan, with respect. Big jobs plans. Please remember this when you go to cast your very important vote!",2020-11-01 11:49:36,13001,76421,278
"When I originally became your all time favorite President, the Great State of Michigan was hemorrhaging car companies and jobs. Plants were closing and moving to Mexico, and other places. No new plants for decades. I stopped the moves, &amp; now many plants are and have been built...",2020-11-01 11:49:35,23089,126411,284
"Our numbers are looking VERY good all over. Sleepy Joe is already beginning to pull out of certain states. The Radical Left is going down!",2020-11-01 11:34:06,39445,231166,138
"People have long been voting but Joe Biden has still not released his Supreme Court List of Radical Left Judges that he would like to put on the Court. Also, is he going to Court Pack? He thinks he can bluff his way through these two important questions. Can only vote against!!!",2020-11-01 11:26:53,20428,110361,279
".@Facebook  Put them back NOW! https://t.co/eLgs5viXKp",2020-11-01 04:47:31,34896,127313,30
"https://t.co/2g9JKRGZj6",2020-11-01 04:32:21,16165,58113,23
"https://t.co/jbTqhBQtmy",2020-11-01 04:11:34,14753,62645,23
"Great people with unlimited potential. WIN!!! https://t.co/66iXZmwSuL",2020-11-01 03:52:31,15195,72780,45
"Go Joe!!! https://t.co/wOhVdHMUJR",2020-11-01 03:48:29,29166,132679,9
"Trump Supporters Fill Streets of Beverly Hills: ‘The Silent Majority is Silenced No More‘ https://t.co/YKfqBM1Fbo via @BreitbartNews Thank you!",2020-11-01 03:47:08,17939,81722,143
"https://t.co/6jKLxRTIPJ",2020-11-01 02:47:24,16169,64401,23
"Joe Biden has been a disaster for African Americans and Hispanic Americans—I am fighting for citizens of every race, color and creed. We achieved record low unemployment rates. I signed landmark Criminal Justice Reform, and we will deliver School Choice! https://t.co/gsFSghkmdM https://t.co/o6bZkdj4Fg",2020-11-01 02:09:37,16904,76963,278
"Joe Biden has vowed to ABOLISH American Oil and Natural Gas. Today I signed an order to strongly protect Pennsylvania's energy &amp; fracking industry. If Biden &amp; Harris get in, they will terminate this order and implement the Green New Deal. Get out and VOTE! https://t.co/gsFSghkmdM https://t.co/VJMr2IeIgo",2020-11-01 02:07:47,14441,60575,288
"Thank you Pennsylvania! With your vote, we will continue to support our Military, Veterans and our Police Officers. Biden and Harris would pass legislation to slash police funding all across America. They stand with the rioters – we stand with the HEROES of Law Enforcement! #MAGA https://t.co/qqTZPLqzFV",2020-11-01 02:05:02,13029,68171,280
"Thank you Montoursville, Pennsylvania! https://t.co/mvOazHnkoL",2020-11-01 02:00:05,11682,64042,62
"Thank you @albertmohler for your vote of confidence. You and I agree we can never compromise on Religious Liberty. #BeliversandBallots get to the polls and vote to protect Religious Liberty! https://t.co/MiucOF3KIs",2020-11-01 00:51:21,9929,46996,190
"I LOVE TEXAS! https://t.co/EP7P3AvE8L",2020-11-01 00:41:14,57107,350823,13
"A vote for Biden and Harris is a vote to Ban Fracking, Ban Mining, and Completely Destroy Pennsylvania. A vote for me is a vote to remain ENERGY INDEPENDENT! Let’s WIN PENNSYLVANIA, get out and VOTE!
https://t.co/aR8iwO6Gvl",2020-11-01 00:13:24,16785,71427,223
"Over the next 4 years, we will make America into the Manufacturing Superpower of the World &amp; end our reliance on China. We will end surprise medical billing, require price transparency, lower drug prices even more, and we will always protect patients with pre-existing conditions! https://t.co/rXDakq3lp1",2020-10-31 23:52:33,18902,87101,284
"For the last 4 years you have seen me fight for you - and now I am relying on YOU to deliver another historic victory for our Country. A vote for me and the Republican Party is a vote for the American Dream! Get out and VOTE!
#Election2020 #MAGA<U+0001F1FA><U+0001F1F8> https://t.co/5EyXIHjfib",2020-10-31 23:51:29,32015,144264,247
"Thank you Butler, Pennsylvania!
https://t.co/4bjYabvV6g",2020-10-31 23:47:53,9847,53720,55
"Just signed an order to protect fracking and the oil and gas industry. This means JOBS, low energy bills, and continued AMERICAN ENERGY INDEPENDENCE! Sleepy Joe would BAN fracking and destroy American energy jobs! He has NO clue!!",2020-10-31 22:07:18,43249,214603,230
"Thank you to the wonderful @RJHarrisWHP580 for the nice words on @FoxNews. Tremendous enthusiasm in Pennsylvania, and everywhere else. The Great Red Wave is coming!",2020-10-31 21:47:59,15558,90572,164
"We are ONE movement, ONE people, ONE family, and ONE GLORIOUS NATION UNDER GOD! Together with the incredible people of Pennsylvania, we will MAKE AMERICA GREAT AGAIN! 

#ElectionDay #MAGA<U+0001F1FA><U+0001F1F8> 
https://t.co/gsFSgh2KPc https://t.co/7EwfCm23U7",2020-10-31 21:36:18,19524,85800,214
"Over the next four years, we will stop the radical indoctrination of our students, and restore PATRIOTIC EDUCATION to our schools. We will teach our children to love our Country, honor our history, and always respect our great American Flag. https://t.co/gsFSgh2KPc https://t.co/RcQg0Vtk7V",2020-10-31 21:31:03,24674,104802,265
"We invested $2.5 TRILLION in the Military and we saved the Philly Shipyard. We passed VA Choice and VA Accountability. Al-Baghdadi and Soleimani are DEAD. I withdrew from the disastrous Iran Nuclear Deal—and instead of endless war, we are forging PEACE in the Middle East! https://t.co/Yz3ry24XHp",2020-10-31 21:26:20,14236,62407,272
"https://t.co/cb16JyPTPL",2020-10-31 20:58:48,7443,39059,23
"https://t.co/pMV1Lker22",2020-10-31 20:58:36,6392,33848,23
"https://t.co/rlPJbzLvss",2020-10-31 20:58:26,6135,33060,23
"https://t.co/vaf3BrSE6Q",2020-10-31 20:58:06,6361,34128,23
"3 days from now, we are going to win Pennsylvania! With your support, we will continue to bring back your jobs, and cut your taxes &amp; regulations. Biden would wipe out your factories, ship your jobs to China, raise your taxes, &amp; eliminate private healthcare!https://t.co/IjvKseSiTI",2020-10-31 20:56:43,12833,54838,288
"Thank you Reading, Pennsylvania!
https://t.co/ywpNmRgxqz",2020-10-31 20:53:52,9622,51276,56
"Biden &amp; Obama owe a massive apology to the People of Flint. The water was poisoned on their watch. Not only did they fail them, Biden proudly accepted the endorsement of disastrous Gov Rick Snyder! Unlike Biden, I will always stand with the People of the Great State of MICHIGAN!",2020-10-31 19:07:38,36756,165550,283
"Biden’s plan to Abolish American Energy is an economic DEATH SENTENCE for Pennsylvania. A vote for Biden is a vote to BAN FRACKING &amp; send PA into a nightmare of poverty &amp; depression. Gas prices would explode &amp; family incomes would plummet—I will always defend &amp; promote PA energy! https://t.co/tdYqMVWQGM",2020-10-31 18:58:22,12124,50248,296
"Our ECONOMY is now surging back faster, better, bigger and stronger than any nation on earth. We just had the best quarter of ECONOMIC GROWTH EVER recorded - a 33.1% increase, and next year will be the GREATEST ECONOMIC YEAR in the history of our Country! https://t.co/gsFSghkmdM https://t.co/Kbyl4zVUWM",2020-10-31 18:42:11,12184,57197,279
"I ran for office 4 years ago because I could not sit by &amp; watch any longer as a small group of Washington Insiders continued to get rich bleeding America Dry. No one embodies this betrayal &amp; treachery more than Joe Biden. Joe profited from the misery he unleashed on PA workers! https://t.co/2A9Ma5gCQX",2020-10-31 18:37:55,23575,98714,286
"Pennsylvania is where the story of American Independence began – it is the state where the American Constitution was signed – and 3 days from now this is the state that will SAVE THE AMERICAN DREAM! A great RED WAVE is forming! https://t.co/gsFSghkmdM https://t.co/PussYXD40e",2020-10-31 18:36:51,12329,56150,251
"Thank you Newtown, Pennsylvania! #MAGA 
https://t.co/0y7W5oRMom",2020-10-31 18:36:08,8675,45196,63
"Will be making a special speech in Pennsylvania at 12:30 P.M. Eastern!",2020-10-31 16:11:12,19280,144819,70
"Last night, our Country’s brave warriors rescued an American hostage in Nigeria. Our Nation salutes the courageous soldiers behind the daring nighttime rescue operation and celebrates the safe return of yet another American citizen!",2020-10-31 15:57:02,45518,231157,232
"Gallup: 56% of the U.S. is more satisfied with conditions now, even during a pandemic (we are rounding the turn!), than they were 4 years ago under Obama/Biden. Hasn’t been equaled in recent times!",2020-10-31 15:22:02,22038,113133,197
"THANK YOU! #MAGA https://t.co/EEmSU6uPAy",2020-10-31 15:20:18,17896,84185,40
".@Victoria_Spartz will be a terrific Congresswoman for Indiana. Working with me, she will Create Jobs, Lower Taxes, Deliver for our Farmers, and Protect and Defend your Second Amendment. Victoria has my Complete and Total Endorsement! #IN05 https://t.co/ka2L9jBKyq",2020-10-31 15:08:47,6024,27670,264
"We need Esther Joy King (@Esther4Congress) in Congress for Illinois! She is a Strong Supporter of our #MAGA agenda and she’s running against a Total Fraud who the Democrats are now rushing to save. Esther has my Complete and Total Endorsement! #IL17 https://t.co/4A5uBGYmBf",2020-10-31 15:08:42,6524,27818,273
".@JakeLaTurner will be a phenomenal Congressman for the people of Kansas! He will help us Lower your Taxes, Support our Brave Law Enforcement, Build the Wall, and Protect and Defend your Second Amendment. Jake has my Complete and Total Endorsement! #KS02 https://t.co/Nzpbh7DqUN",2020-10-31 15:08:37,5694,25437,278
"Steve Negron (@SteveNegronNH) will be a tireless advocate in Congress for the State of New Hampshire! An Air Force Veteran, he is Strong on the Economy, our Brave Law Enforcement and your Second Amendment. Steve has my Complete and Total Endorsement! #NH02 https://t.co/9Zq8LQXZkn",2020-10-31 15:08:33,5326,23882,280
".@FrankPallottaNJ will be a great Congressman for the terrific people of New Jersey! He is Strong on the Economy &amp; Jobs, Low Taxes, the Military, our Brave Law Enforcement, and your Second Amendment. Frank has my Complete and Total Endorsement! #NJ05 https://t.co/ICVP3Nc6Cs",2020-10-31 15:08:29,5416,23854,278
".@CheleFarley will be an incredible Congresswoman for the Great State of New York! An engineer and businesswoman, she is Strong on the Economy, Infrastructure, Law &amp; Order, and your Second Amendment. Chele has my Complete and Total Endorsement! #NY18 https://t.co/4NwXoQuozj",2020-10-31 15:08:25,7619,35511,278
".@CliffBentz will be a great Congressman for the people of Oregon! A Successful Rancher, he is Strong on Jobs &amp; the Economy, Trade, Law &amp; Order, our Military &amp; Vets, and your Second Amendment. Cliff has my Complete and Total Endorsement! #OR02 https://t.co/8779E6IPzx",2020-10-31 15:08:21,4940,22469,279
"Sheriff Troy Nehls (@SheriffTNehls) will be an incredible Congressman for the State of Texas! An Army Veteran, he Strongly Supports Law &amp; Order, the Wall, our Military &amp; Vets, and your Second Amendment. Troy has my Complete and Total Endorsement! #TX22 https://t.co/yMWFwACCVL",2020-10-31 15:08:16,5994,25868,284
"We need Genevieve Collins (@GCForCongress) in Congress for Texas! She is Strong on Jobs &amp; the Economy, National Security and Education, and she will always Defend your Second Amendment. Genevieve has my Complete and Total Endorsement! #TX32 https://t.co/7YwS3ZwTQe",2020-10-31 15:08:09,5345,24115,268
"Big Jim Justice (@JimJusticeWV) is a GREAT Governor of West Virginia! An experienced businessman, he Creates Jobs, Stands with Life, Defends the Second Amendment, and Loves our Coal Miners. Big Jim has my Complete and Total Endorsement! #WVGOV https://t.co/Qrtvs1crqm",2020-10-31 15:08:04,5542,25812,267
".@DerrickVanOrden will be a terrific Congressman for Wisconsin! A former Navy SEAL, he will stand for Law &amp; Order, Jobs, the Wall, and he will always Protect Life and the Second Amendment. Derrick has my Complete and Total Endorsement! #WI03 https://t.co/wFd72N7LI9",2020-10-31 15:07:59,5161,23368,269
"Blake Moore (@ElectBlakeMoore) will be a Great Congressman for Utah! He is Strong on Jobs &amp; the Economy, Healthcare, our Military &amp; Vets, and your Second Amendment. Blake has my Complete and Total Endorsement! #UT01 https://t.co/tj4Bx1rUuA",2020-10-31 15:07:54,4638,21283,247
"Dr. Mariannette Miller-Meeks (@MillerMeeks) will do a great job in Congress for Iowa! A Doctor and Veteran, she will Deliver Great Health Care, Defend Life, and Protect your Second Amendment. Mariannette has my Complete and Total Endorsement! #IA02",2020-10-31 15:07:49,8832,44176,248
"Scott Franklin (@ScottFranklinFL) will be an incredible Congressman for the State of Florida! A Navy Veteran, he will help us Lower your Taxes, Strengthen our Military and Defend your Second Amendment. Scott has my Complete and Total Endorsement! #FL15 https://t.co/RdZ1JPdJc6",2020-10-31 15:07:33,4600,21090,276
"Lisa McClain (@LisaForCongress) will be an incredible Congresswoman for Michigan! She is Strong on the Economy &amp; Jobs, Border Security, Infrastructure, our Military &amp; Vets, and the Second Amendment. Lisa has my Complete and Total Endorsement! #MI10 https://t.co/r2NokBwGfW",2020-10-31 15:07:28,5049,22048,280
"Congressman (@JDanBishop) is doing a terrific job for North Carolina! In Congress, Dan fights to Create Jobs, Strengthen our Military, and Defend your Second Amendment. Dan has my Complete and Total Endorsement! #NC09 https://t.co/hj7CYPcFFL",2020-10-31 15:07:12,4708,21524,241
"Vote for @NancyMace! Her opponent, Joe Cunningham, is a puppet for Nancy Pelosi and the Radical Left! #SC01 https://t.co/XCtZNrbrT6",2020-10-31 15:07:06,5583,25265,107
"Jim O’Neill (@JimONeillNC) will be a fantastic Attorney General for North Carolina! Strong on Law &amp; Order, the Constitution, and the Second Amendment, Jim has my Complete and Total Endorsement! https://t.co/Oekn8B8l46",2020-10-31 15:06:56,5625,26483,221
"https://t.co/gsFSghkmdM
#ElectionDay #MAGA<U+0001F1FA><U+0001F1F8> https://t.co/j5F8vNZYPI",2020-10-31 14:49:31,12594,52016,44
"Big win for our very elite U.S. Special Forces today. Details to follow!",2020-10-31 13:41:32,33412,220180,72
"Biden and the Radical Left are asking for the largest tax hike in the history of the U.S. Remember that when you VOTE!",2020-10-31 13:40:13,21590,103557,118
"Joe Biden will PACK THE COURT. Also, he never gave the answer who his Radical Left Justices will be!",2020-10-31 12:39:38,22234,128975,100
"I paid many millions of dollars in Taxes to the Federal Government, most of which was even paid early, or PREPAID. MANY $MILLIONS. The Failing @nytimes never likes reporting that!",2020-10-31 12:34:13,23450,120265,179
"“President Obama meant a lot to Black people, but he didn’t do a thing for Black people”. Vernon Jones, Georgia State Represenative, Trump supporter. @ffweekend",2020-10-31 12:25:20,23531,113238,160
"Suburban Women are trending strongly to our campaign because they want SAFETY, SECURITY, and love the fact that I terminated the REGULATION that would destroy their neighborhood and with it, the American Dream. Biden would bring the REGULATION back in a MUCH stronger form!!!",2020-10-31 05:42:35,22312,115718,275
"“A Biden win would mean the end of Fracking in Pennsylvania, Texas, and everywhere else. Millions of jobs would be lost, and Energy prices would soar.” @OANN  And we would no longer be Energy Independent!!!",2020-10-31 05:20:51,23092,105309,206
"MAKE AMERICA GREAT AGAIN!",2020-10-31 04:39:21,43563,321387,25
"https://t.co/BlvIw1qaYu",2020-10-31 03:51:19,17080,66051,23
"https://t.co/jeGtpWi5mx",2020-10-31 03:50:08,13691,55777,23
"There is only one way to defend your dignity. There is only one way to defend your family and your Country. There is only one way to preserve, protect and defend the American Way of Life: you must show up and vote on November 3rd! https://t.co/gsFSgh2KPc https://t.co/14MbcBz2oH",2020-10-31 00:29:50,19448,71692,254
"Joe Biden is a corrupt politician who has done nothing but betray you for 47 long years - selling out to lobbyists, China, big pharma &amp; foreign countries. He will stab you in the back. He only cares about political power &amp; he will use that power to hurt you &amp; enrich his cronies! https://t.co/8B9kZ5sdEJ",2020-10-31 00:29:19,21669,88185,291
"...Biden’s deadly migration policies will overwhelm taxpayers and open the floodgates to terrorists, jihadists, and violent extremists. Under my Administration, the safety of our families will always come FIRST!",2020-10-31 00:23:33,15671,72532,211
"Biden has pledged a staggering 700% increase in refugees from the most dangerous and violent terrorist hot spots on earth. He has also vowed to terminate our national security travel bans, allowing for unlimited migration from war zones, and terrorist havens...",2020-10-31 00:23:32,30277,113220,261
"https://t.co/aHEqP4fmIf",2020-10-31 00:05:16,11421,50885,23
"https://t.co/B8m4mhNvct",2020-10-31 00:05:01,15484,60419,23
"Your far-left Dem Attorney General, and your Dem Governor tried to shut down our rally, silence the people of Minnesota, and take away your freedom of assembly. They thought we would cancel – but I said NO WAY, I will NEVER abandon the people of Minnesota! https://t.co/wF1uolGlf6",2020-10-31 00:04:19,30369,117067,280
"President Obama used to say that “if you wanted to see something really screwed up, give it to Joe Biden to do.” In fact, he tried to keep Joe from running, “you don’t have to do this Joe”, and then wouldn’t endorse him until long after the Primaries ended. “Joe is lost!”.",2020-10-30 23:51:21,31735,148748,273
"THANK YOU MINNESOTA!
https://t.co/OMIAwVQcY7",2020-10-30 23:42:41,14813,76218,44
"Joe Biden will lock down our entire Country. Biden will make you a prisoner in your own home, and a prisoner in your own Country. Biden’s plan will kill the American Dream—Get your friends, get your family, get your neighbors and GET OUT AND VOTE! #MAGA https://t.co/fH8Iq6i8d3",2020-10-30 22:02:23,20130,65639,277
"I’ve done more in 47 months than Joe Biden has done in 47 years! A vote for Republicans is a vote for the American Dream, and the party of Abraham Lincoln! #MAGA https://t.co/gsFSgh2KPc",2020-10-30 21:52:46,13907,68217,185
"The Election should end on November 3rd., not weeks later!",2020-10-30 21:48:23,49670,328666,58
"This election is a choice between a Trump Super Boom or a Biden Depression, and it’s between a safe vaccine or a devastating Biden lockdown! https://t.co/FkOHz0XUS2 https://t.co/IEPULUXAXe",2020-10-30 21:47:46,11043,48761,164
"One of the most important issues is LAW &amp; ORDER. Biden stands with the rioters &amp; looters - I stand with the HEROES of law enforcement. If Biden wins, the rioters in the streets will be running your federal government. No city, no family, and no community will be safe. VOTE #MAGA! https://t.co/fjokM0yWiG",2020-10-30 21:46:12,11585,48416,288
"https://t.co/wl1codKkZ3",2020-10-30 21:36:12,12945,66822,23
"https://t.co/ewR0TUgCtX",2020-10-30 21:35:00,7518,37889,23
"This election is the most important election of our lifetime! Get out and VOTE to #MAGA! https://t.co/jM4hTHUYDF",2020-10-30 21:34:49,9669,46994,112
"THANK YOU WISCONSIN!
https://t.co/9l46T76kwu",2020-10-30 21:27:25,9396,51970,44
"Volunteer to be a Trump Election Poll Watcher. Sign up today! 

#MAGA #Election2020 
https://t.co/3AnrRUPTtZ",2020-10-30 19:29:49,8334,37039,108
"Your VOTE will continue HISTORIC job growth and make sure America keeps WINNING. Arizona, Georgia, Nevada, Texas - Get out and VOTE today! Find your Early Voting Location below. https://t.co/135RZzXIeI",2020-10-30 19:16:09,8536,39407,201
"We did not come this far, and fight this hard, only to surrender our Country back to the Washington Swamp—So get your friends, get your family, get your neighbors &amp; GET OUT &amp; VOTE! On November 3rd we must finish the job and Drain the Swamp once and for all.https://t.co/1HSPRkWMTg",2020-10-30 19:12:45,19026,70991,288
"Joe Biden is a corrupt politician—the Biden family is looking more &amp; more like a crime family. They took millions of $$ from the Chinese Communists, while Vice President Biden shipped Michigan jobs to China. If Biden wins, China Wins. When we win, Michigan wins, and AMERICA wins! https://t.co/YpnjH8838X",2020-10-30 19:10:02,14641,61920,284
"This election will decide whether we restore the rule of a corrupt political class – or whether we declare that in America, we are still governed by THE PEOPLE! Get out and VOTE!
https://t.co/gsFSgh2KPc",2020-10-30 19:06:15,9356,40215,202
"Biden’s speech is 90% made up stories and lies. Only broadcast on @FoxNews.",2020-10-30 19:05:05,17379,107746,75
"...Disasters. At every turn, Biden twisted his knife into the back of Michigan workers. In 2016, Michigan voted to FIRE this corrupt political establishment and you elected an outsider as President who is finally putting AMERICA FIRST!

#VOTE #MAGA",2020-10-30 19:03:33,9819,46300,248
"...a cheerleader for NAFTA – sending your auto Jobs to Mexico. He voted for China’s entry into the World Trade Organization – gutting your industries to finance China’s rise. HALF of all Michigan auto manufacturing jobs were ELIMINATED after the Biden-Backed NAFTA and China...",2020-10-30 19:03:33,9595,45316,277
"Joe Biden spent the last 47 years outsourcing your jobs, opening your borders, and sacrificing American blood and treasure in endless foreign wars. He is a diehard globalist who cares nothing for working people. He repeatedly tried to cut Medicare &amp; Social Security. Biden was...",2020-10-30 19:03:32,21934,90092,283
"https://t.co/ucTqlNXNJ8",2020-10-30 18:59:25,6347,31127,23
"Joe Biden has vowed to abolish the entire U.S. Energy Industry — no fracking, no energy, and high gas prices. While I am President, America will proudly remain ENERGY INDEPENDENT! https://t.co/pN1VF0zaB5",2020-10-30 18:58:37,8768,38762,203
"Biden wants the biggest Tax Increase in the history of our Country!",2020-10-30 18:56:05,27218,155658,67
"https://t.co/BlMv2KsM7W",2020-10-30 18:54:19,9640,33236,23
"THANK YOU MICHIGAN! https://t.co/eTip7kTQXJ",2020-10-30 18:53:22,9050,48445,43
"On my way to MICHIGAN, WISCONSIN, and MINNESOTA! https://t.co/7eEpmAJKCO",2020-10-30 17:07:13,13244,77319,72
"Biden would lock us down forever. We are rounding the corner! https://t.co/zvSfKUo1gd",2020-10-30 16:52:45,11464,51054,61
"Happy Birthday to our wonderful Ivanka. Now go back to work! November 3rd. https://t.co/mQF1xHV3Qh",2020-10-30 16:48:55,24780,176881,74
"Such a Great Honor! Thank you, Brett! https://t.co/AocgUSqOTU",2020-10-30 16:47:03,10447,66263,37
"Great Red Wave! https://t.co/0HvMzsNwuZ",2020-10-30 16:45:50,7843,45926,15
"https://t.co/qJUxmsEPv8",2020-10-30 16:10:09,8374,39251,23
"https://t.co/KhfjwtX2JT",2020-10-30 16:10:08,6392,30742,23
"https://t.co/voxNnIYMpe",2020-10-30 16:10:07,12579,68644,0
"This decision is CRAZY and so bad for our Country. Can you imagine what will happen during that nine day period. The Election should END on November 3rd. https://t.co/Hkftv9Jp56",2020-10-30 15:49:39,14365,58400,153
"I would NEVER have taken the endorsement of the man who, through gross incompetence, poisoned the people of Flint, Michigan. Former RINO Governor Rick Snyder should be ashamed of himself and his service. I was asked to help fix it. Biden took his endorsement. VOTE TRUMP!!!",2020-10-30 13:36:06,26400,123488,273
"SECOND AMENDMENT!",2020-10-30 13:19:06,30971,208851,17
"SUPREME COURT!",2020-10-30 13:17:33,20488,158317,14
"33.1% GDP - BEST IN USA HISTORY. IF I AM ELECTED, NEXT YEAR WILL BE OUR BEST EVER!",2020-10-30 13:05:58,35092,199170,82
"Rigged? https://t.co/KX5S0IrouV",2020-10-30 12:54:55,23000,83756,7
"The @nytimes now admits that patients ill with Covid are getting better faster and at higher (much) percentages.",2020-10-30 12:22:37,23862,114082,112
"More Testing equals more Cases. We have best testing. Deaths WAY DOWN. Hospitals have great additional capacity! Doing much better than Europe. Therapeutics working!",2020-10-30 12:15:58,22076,123222,165
"If Sleepy Joe Biden is actually elected President, the 4 Justices (plus1) that helped make such a ridiculous win possible would be relegated to sitting on not only a heavily PACKED COURT, but probably a REVOLVING COURT as well. At least the many new Justices will be Radical Left!",2020-10-30 06:57:37,16804,84786,280
"Biden will destroy the United States Supreme Court. Don’t let this happen!",2020-10-30 06:40:35,31428,187402,74
"#BidenCrimeFamiily",2020-10-30 06:37:17,37902,168507,18
"MAKE AMERICA GREAT AGAIN. VOTE!!!",2020-10-30 06:34:40,35676,259295,33
"Watch the Great Red Wave!",2020-10-30 06:32:27,25094,182367,25
"Way ahead in Texas!",2020-10-30 06:32:00,19028,158639,19
"Sports Reporter Calls Jack Nicklaus‘ Endorsement of President Trump ‘Divisive‘ https://t.co/BDcWAL6wp0 via @BreitbartNews Who is Darren Rovell? Thank you Jack!!!",2020-10-30 06:31:06,9226,49939,161
"Pollak: 11 Shining Successes of President Donald Trump‘s First Term https://t.co/VW5w4YtBQ5 via @BreitbartNews",2020-10-30 06:22:37,9818,42723,110
"Philadelphia Firefighters Union Votes to Endorse Trump https://t.co/rI6mQUZMbE via @BreitbartNews",2020-10-30 06:17:04,13897,68683,97
"Keith Ellison Restricts Freedom of Assembly of Political Opponents https://t.co/WAPPsfQrWk via @BreitbartNews We were planning for as many as 25,000 people in Minnesota. Now the Governor, at the last moment, will only allow the first 250 people to attend. Riots plus Omar = WIN!",2020-10-30 06:13:36,13645,41003,278
"https://t.co/OfmL1fPSjZ",2020-10-30 03:14:41,13422,53715,23
"https://t.co/9m7w0uurXy",2020-10-30 02:33:20,14152,55717,23
"For years you had a President who apologized for America—now you have a President who is standing up for America! Get your friends, get your family, get your neighbors and GET OUT &amp; VOTE! On 11/3 we must finish the job and Drain the Swamp once and for all! https://t.co/RZzSuwLUSP",2020-10-30 02:32:17,27925,119066,284
"https://t.co/gsFSghkmdM https://t.co/fg5US7VpUJ",2020-10-30 00:14:13,16563,70613,23
"The Fake News refuses to cover the fact that GDP went up 33.1% for the 3rd Quarter, the best number by far in our Country’s history!",2020-10-30 00:04:08,48870,216546,132
"My Administration has suspended the entry of refugees from terror-compromised nations such as Syria, Somalia and Yemen. Biden’s plan surges refugees 700% into Minnesota, Michigan &amp; Pennsylvania—burdening schools &amp; hospitals while opening the floodgates to Radical Islamic Terror.",2020-10-29 23:45:19,37641,149438,287
"Failed RINO former Governor Rick Snyder of Michigan was a disaster with respect to the Flint Water CATASTROPHE, and a very bad Governor overall. He hurt so many people with his gross incompetence. He reminds me of Sleepy Joe!",2020-10-29 23:34:47,20320,102514,225
"Forced to move our Rally tonight in Fayetteville, North Carolina, to Monday, due to high speed winds and bad weather. I love you North Carolina. Stay safe, see you on Monday!!!",2020-10-29 20:48:29,25527,158795,176
"If I don’t sound like a typical Washington politician, it’s because I’m NOT a politician. If I don’t always play by the rules of the Washington Establishment, it’s because I was elected to fight for YOU, harder than anyone ever has before! https://t.co/gsFSgh2KPc https://t.co/kCtPkRWdY4",2020-10-29 20:39:08,24487,106835,263
"For half a century, Joe Biden has been outsourcing your jobs, opening your borders, and sacrificing American blood and treasure in endless foreign wars. Joe Biden is a corrupt politician—If Biden Wins, China Wins. When We Win, Florida Wins—and America Wins! https://t.co/UdqQqmxvL7",2020-10-29 20:05:56,18198,75269,257
"This election is a choice between the AMERICAN DREAM and a SOCIALIST NIGHTMARE. Our opponents want to turn America into Communist Cuba or Socialist Venezuela. As long as I am President, America will NEVER be a socialist Country! https://t.co/gsFSgh2KPc",2020-10-29 19:58:55,17548,69575,252
"https://t.co/OINMUQvdRo",2020-10-29 19:57:21,9753,48793,23
"https://t.co/njpD3ekBOv",2020-10-29 19:57:01,8141,39001,23
"Your VOTE on Tuesday, November 3rd is going to SAVE OUR COUNTRY. We are going to defeat the Marxists, Socialists, Rioters, Flag-Burners, and Left-wing Extremists! Get out and VOTE! #MAGA https://t.co/gsFSgh2KPc",2020-10-29 19:54:59,14377,59106,210
"https://t.co/FUh5kox16R",2020-10-29 19:49:38,13144,49945,23
"I was thrilled to be back in my home state of FLORIDA! 5 days from now, we are going to win FLORIDA, and we are going to WIN 4 more years in the White House. Get out and VOTE! MAKE AMERICA GREAT AGAIN!! 
https://t.co/cbk66G7tlU",2020-10-29 19:49:09,14693,69126,227
"THANK YOU TAMPA, FLORIDA!
https://t.co/1gXlNJCdHl",2020-10-29 19:39:03,13451,70496,49
"Thank you to Joe Scarborough (@JoeNBC) for seeing the light. Our Country is doing great! https://t.co/7vLxNScOjo",2020-10-29 17:25:24,17364,69619,112
"A 3 day extension for Pennsylvania is a disaster for our Nation, and for Pennsylvania itself. The Democrats are trying to steal this Election. We have to get out and VOTE in even larger numbers. The Great Red Wave is coming!!!",2020-10-29 17:12:49,35107,153070,226
"Weekly Jobless Claims just hit a 7 month low!",2020-10-29 17:05:10,25460,151067,45
"....He also worked at, of all places, @Google. They all have big liability!!!",2020-10-29 16:56:57,9641,50861,77
"So it turns out that the wise guy promoted as “Anonymous” by the @nytimes, named Miles Taylor (who I never even heard of!), was only a little known “staffer” as opposed to a “Senior Administration Official”. He then scammed @CNN, lied to @andersoncooper, &amp; got a job there....",2020-10-29 16:56:56,19372,85080,280
"Our hearts are with the people of France. America stands with our oldest Ally in this fight. These Radical Islamic terrorist attacks must stop immediately. No country, France or otherwise can long put up with it!",2020-10-29 16:46:55,41010,216697,212
"Thank you Mark! #MAGA https://t.co/ptqzlqb8ep",2020-10-29 16:24:03,11208,52183,21
"THANK YOU! #MAGA https://t.co/24HVNRnBSX",2020-10-29 14:07:31,21016,93396,16
"GDP number just announced. Biggest and Best in the History of our Country, and not even close. Next year will be FANTASTIC!!! However, Sleepy Joe Biden and his proposed record setting tax increase, would kill it all. So glad this great GDP number came out before November 3rd.",2020-10-29 13:55:36,37669,161046,276
"Thank you to Dave Rubin, author of “Don’t Burn This Book”, just announced on @foxandfriends that he is voting for your favorite President, me. “I think Donald Trump has done a lot of good. When I see an American flag, I see Trump support.”",2020-10-29 13:35:39,18730,102427,239
"Volunteer to be a Trump Election Poll Watcher. Sign up today! #MAGA
https://t.co/3AnrRV7uSz",2020-10-29 12:51:33,10058,43622,91
"https://t.co/gsFSghkmdM https://t.co/Mu6grSAmV9",2020-10-29 12:49:00,15106,75357,23
"https://t.co/mnL4DgfHw5",2020-10-29 12:43:29,48502,206725,23
"Maria is badly needed in Washington. She is an outstanding person who truly loves her Country and her State. Her opponent, @DonnaShalala, is a political hack who is a puppet of Nancy Pelosi. She does nothing for Florida. Maria has my Complete &amp; Total Endorsement! https://t.co/4GumAgOA3J",2020-10-29 04:09:30,17479,70419,267
"https://t.co/gsFSgh2KPc",2020-10-29 02:48:47,10511,55779,23
"Jack, this is a Great Honor. Thank you! https://t.co/60WWISm5hs",2020-10-29 02:36:05,35726,187306,39
"https://t.co/gsFSgh2KPc https://t.co/j7Z5jC05wP",2020-10-29 00:53:58,19119,107360,23
"https://t.co/4LTWLgbmsf",2020-10-28 23:41:09,19459,72364,0
"Why isn’t Biden corruption trending number one on Twitter? Biggest world story, and nowhere to be found. There is no”trend”, only negative stories that Twitter wants to put up. Disgraceful! Section 230",2020-10-28 23:34:05,59507,247687,201
"A vote for Joe Biden is a vote for the biggest TAX HIKE in history, crushing regulations, slashing Medicare and Social Security, and abolishing American Energy. A vote for Biden is a vote for open borders, offshoring jobs, shredding the Second Amendment...https://t.co/lrveykMf4R",2020-10-28 23:32:00,14489,57698,279
"https://t.co/6Bww8zo4bk",2020-10-28 23:26:16,8428,41063,23
"If you vote for Biden, your kids will not be in school, there will be no graduations, no weddings, no Thanksgiving, no Christmas, and no Fourth of July! https://t.co/Pjyd8TGXME",2020-10-28 23:25:59,26150,113212,176
"We will end surprise medical billing, require price transparency, lower drug prices even more, protect Social Security and Medicare, and we will ALWAYS protect patients with pre-existing conditions! https://t.co/0otWkqA1wC",2020-10-28 23:21:29,13866,58808,222
"Thank you Goodyear, Arizona! Get out and VOTE — Together, we are going to MAKE AMERICA GREAT AGAIN! https://t.co/r7mVXvoFD2",2020-10-28 23:19:10,15851,75915,123
"....associated with this FRAUD on the American people!",2020-10-28 21:42:49,10908,61821,54
"Who is Miles Taylor? Said he was “anonymous”, but I don’t know him - never even heard of him. Just another @nytimes SCAM - he worked in conjunction with them. Also worked for Big Tech’s @Google. Now works for Fake News @CNN. They should fire, shame, and punish everybody....",2020-10-28 21:42:48,25189,108346,274
"Thank you @RSBNetwork! #MAGA 
https://t.co/iHlBpNDgkQ",2020-10-28 21:17:32,13810,61985,53
"https://t.co/1BHWlr9tJx",2020-10-28 21:09:39,8513,45075,23
"https://t.co/pcPu2cohJI",2020-10-28 21:09:31,7404,37962,23
"I’m NOT just running against Joe Biden—I’m running against the left-wing media, the Big Tech giants, and the wretched Washington Swamp. They have nothing but disdain for you and your values—get out and VOTE to #MAGA! https://t.co/ZYiv9biLvX",2020-10-28 21:09:01,24767,99400,240
"Proud citizens like you helped build this Country—and together, we are taking back our Country. We are returning power to YOU, the American People! Get out and VOTE — so we can MAKE AMERICA GREAT AGAIN! https://t.co/rjQcHUoaoT",2020-10-28 21:05:31,20436,83555,226
"THANK YOU ARIZONA! #MAGA 
https://t.co/QgUI58S4D3",2020-10-28 20:49:37,10337,55811,49
"Why isn’t Twitter trending Biden corruption? It’s the biggest, and most credible, story anywhere in the world. Fake Trending!!!",2020-10-28 18:54:01,70743,342570,127
"Media and Big Tech are not covering Biden Corruption!",2020-10-28 16:36:55,52594,249867,53
"The USA doesn’t have Freedom of the Press, we have Suppression of the Story, or just plain Fake News. So much has been learned in the last two weeks about how corrupt our Media is, and now Big Tech, maybe even worse. Repeal Section 230!",2020-10-28 16:33:31,47455,185222,236
"https://t.co/YGAn4QULA4",2020-10-28 16:27:33,18305,72031,0
"It’s amazing. Twitter refuses to allow the any mention of the Biden corruption story which was carried so well on @TuckerCarlson last night. It’s the biggest story and Big Tech, together with the Lamestream Media, isn’t allowing a word to be said about it.",2020-10-28 15:22:16,55540,185073,256
"Volunteer to be a Trump Election Poll Watcher. Sign up today! #MAGA 
https://t.co/3AnrRUPTtZ",2020-10-28 15:20:29,10323,43354,92
"Incredible evening, incredible people. Love Nebraska, and there were plenty of great people from Iowa there also! $28 Billion for Farmers!!! https://t.co/S7tn3krGdz",2020-10-28 14:51:48,18087,95270,140
"Covid, Covid, Covid is the unified chant of the Fake News Lamestream Media. They will talk about nothing else until November 4th., when the Election will be (hopefully!) over. Then the talk will be how low the death rate is, plenty of hospital rooms, &amp; many tests of young people.",2020-10-28 12:35:47,32175,159651,284
"Thank you Charles. She will be a great one! https://t.co/T2UbLXtMmZ",2020-10-28 12:15:44,9596,61307,43
"As a developer long ago, and continuing to this day, the politicians ran Chicago into the ground. I was able to make an appropriately great deal with the numerous lenders on a large and very beautiful tower. Doesn’t that make me a smart guy rather than a bad guy?",2020-10-28 11:32:35,21303,142563,263
"https://t.co/f1mqYvg6Fm",2020-10-28 04:56:33,52506,270983,23
"We are spending more in Florida, and we are winning big in Florida. Actually, we are winning big in many states as the Great Red Wave begins to form!",2020-10-28 03:31:45,28929,187536,149
"https://t.co/YGnjje9G4P",2020-10-28 03:02:37,21932,82256,23
"https://t.co/gsFSgh2KPc https://t.co/IriTZzvGtY",2020-10-28 02:53:38,16057,80833,23
"https://t.co/gsFSgh2KPc https://t.co/HoLVYSOU2I",2020-10-28 02:52:29,12174,63864,23
"THANK YOU NEBRASKA! Get your friends, get your family, get your neighbors &amp; co-workers &amp; GET OUT AND VOTE! We didn’t come this far and fight this hard to surrender our Country back to the Corrupt Washington Swamp. On 11/3 we must finish the job &amp; Drain the Swamp once and for all! https://t.co/G8Oqvi5YSa",2020-10-28 02:28:41,22432,102184,292
"https://t.co/rEThigvI5W",2020-10-28 02:08:26,13797,48638,23
"https://t.co/FU5IncJ4VI",2020-10-28 02:08:16,9591,47599,23
"THANK YOU NEBRASKA! 
https://t.co/k9DWvZO10b",2020-10-28 02:08:10,12419,79573,44
"On my way to Nebraska, after a great evening in Wisconsin with hardworking American Patriots! https://t.co/gsFSgh2KPc https://t.co/RKVwie1QT9",2020-10-28 00:18:06,10434,78012,117
"Thank you WISCONSIN, get out and VOTE! Together, we are going to MAKE AMERICA GREAT AGAIN!! https://t.co/SGEsnCDbVH",2020-10-28 00:05:00,12872,73889,115
"Joe Biden is a corrupt politician. He wants to send YOUR jobs to China, while his family rakes in millions from the Chinese Communist Party. If Biden wins, China will OWN the USA. When we win, YOU win, Wisconsin wins, and AMERICA wins! #VOTE",2020-10-27 23:33:46,45898,207736,241
"Under my leadership, we achieved the most Secure Border in U.S. History! My opponent’s insane immigration plan completely eliminates U.S. borders by implementing nationwide catch-and-release. Joe Biden would make every community into a Sanctuary City for violent criminals. #VOTE",2020-10-27 23:33:18,19779,96123,279
"https://t.co/xgVRpP2Tjc",2020-10-27 23:25:30,15105,53760,23
"https://t.co/Nd9RVXPp5p",2020-10-27 23:24:55,7923,41046,23
"WISCONSIN—If I don’t sound like a typical Washington politician, it’s because I’m NOT a politician. If I don’t always play by the rules of the Washington Establishment, it’s because I was elected to fight for YOU, harder than anyone ever has before! #MAGA https://t.co/MdAhKWqo9H",2020-10-27 23:22:25,12653,58784,279
"THANK YOU WISCONSIN!
https://t.co/MYxQShL5nm",2020-10-27 23:18:19,8563,48214,44
"Just landed in Wisconsin and passed this great sign, thank you! See everyone soon!! #MAGA https://t.co/l2G8JCXnqz",2020-10-27 21:53:51,21848,156380,89
"Volunteer to be a Trump Election Poll Watcher. Sign up today! #MAGA 
https://t.co/3AnrRUPTtZ",2020-10-27 21:21:23,10187,45924,92
"https://t.co/gsFSgh2KPc https://t.co/gs5RMGGhDR",2020-10-27 21:18:25,16556,85022,23
"https://t.co/fm20Bkw1NJ",2020-10-27 20:42:45,7732,44239,23
"This Election Day, you must stop the Anti-American Radicals by delivering Joe Biden and the Far-Left a thundering defeat at the ballot box! Get out and VOTE! On November 3rd we must finish the job and Drain the Swamp once and for all!! #MAGA https://t.co/w1EHpIapxt",2020-10-27 20:41:27,12750,51796,265
"https://t.co/sOxdRHa4el",2020-10-27 20:34:59,6849,36535,23
"Last night, we made history and confirmed Amy Coney Barrett to the United States Supreme Court! Justice Barrett will defend our rights, our liberties, and our God-Given FREEDOM! https://t.co/Wv6WVHovJG",2020-10-27 20:34:28,13507,76024,201
"This election is a choice between a TRUMP RECOVERY or a BIDEN DEPRESSION. It’s a choice between a TRUMP BOOM or a BIDEN LOCKDOWN. It’s a choice between our plan to Kill the virus – or Biden’s plan to kill the American Dream! https://t.co/DreEqXJMNu",2020-10-27 20:32:40,17791,77726,248
"https://t.co/BC2h4oZhQp",2020-10-27 20:31:24,9643,34142,23
"THANK YOU MICHIGAN!
https://t.co/GlYrV2xDOO",2020-10-27 20:24:34,8621,47797,43
"3 Points up in Michigan, 2 Points up in Wisconsin, 3 Points up in Pennsylvania. The Great Red Wave is forming, and getting ready to VOTE!",2020-10-27 18:15:40,30317,175261,137
"Joe Biden FAILED BADLY with the Swine Flu Epidemic. He knows nothing. All talk and no action!",2020-10-27 18:06:36,27620,186116,93
"https://t.co/x8OS4NpvHh",2020-10-27 17:42:40,11010,58174,23
"https://t.co/401tLM5v3f",2020-10-27 17:42:21,13190,46402,23
"In Lufkin, Texas — someone was stealing Trump signs, so an anonymous tree climber put up 30 of them throughout the community. Love it, thank you! #MAGA https://t.co/Ixx7iBxiYM",2020-10-27 17:41:16,20950,93519,151
"Now @FoxNews is playing Obama’s no crowd, fake speech for Biden, a man he could barely endorse because he couldn’t believe he won. Also, I PREPAID many Millions of Dollars in Taxes.",2020-10-27 16:28:27,20407,110932,181
"Thank you Michigan—leaving the White House shortly, see you soon! https://t.co/I6VHSgKMSB",2020-10-27 16:06:14,17103,103168,89
"They (his handlers) ripped Sleepy Joe off the stage yesterday when he got lost in a “mental fog”. A disaster. Very little reporting on this!",2020-10-27 15:35:40,34374,170370,140
"Thank you to the Boston Herald. A great honor! https://t.co/Wlzcgc9eDo",2020-10-27 15:28:11,11022,66137,46
"The biggest difference between now and 2016 is @FoxNews. They are a whole different deal. Despite this, our campaign is doing much better, with bigger crowds and even more (much!) enthusiasm, than we had in 2016. Big Debate &amp; SCOTUS Win! Real Polls have us winning everywhere!",2020-10-27 15:25:12,15778,80700,280
"Obama is drawing VERY small (tiny) numbers of people. Biden is drawing almost no one. We are drawing tens of thousands of people. You’ll see that again today. The Great Red Wave is coming!!!",2020-10-27 15:13:01,33769,186613,190
"Death rate of people going into hospitals is MUCH LOWER now than it was. @MSNBC  Wow, MSDNC has come a long way! The fact is that we have learned and done a lot about this Virus. Much different now than when it first arrived on our shores, and the World’s, from China!",2020-10-27 14:57:09,13660,67662,268
"Thank you very much to the great @WashTimes for the wonderful Endorsement of the job I have done as President. “His record of achievement in his first term is unmatched by any president in modern times. A second term is likely to bring more successes and a stronger America.”",2020-10-27 14:07:05,20281,90269,275
"https://t.co/gsFSghkmdM https://t.co/ao85KjMeBW",2020-10-27 13:53:52,22193,111649,23
"3% up in Pennsylvania!",2020-10-27 13:47:38,19559,152318,22
"Big GDP projected. Pelosi only looking to Bail Out badly run Democrat Cities. Tap, Tap, Taping us along. She has little interest in helping out the “people”.",2020-10-27 13:36:30,18978,91314,157
"Until November 4th., Fake News Media is going full on Covid, Covid, Covid. We are rounding the turn. 99.9%.",2020-10-27 13:18:53,28041,155496,107
"Three BIG Rallies today. Lansing, Michigan. West Salem, Wisconsin. Omaha, Nebraska. We are winning all over the place. See you later!!!",2020-10-27 13:13:07,21262,130705,135
"New York. Vote for Trump. What (the Hell!) do you have to lose? https://t.co/XqURHZxCxP",2020-10-27 13:03:09,14743,77687,63
"To beautiful Staten Island and Brooklyn. Nicole has my Complete and Total Endorsement. VOTE! https://t.co/HKxs7Pavgj",2020-10-27 12:59:01,7643,38273,92
"Thank you to the most incredible people on earth. I stand with you 100%. Get that great Officer back to work! https://t.co/nMH3MlBCqU",2020-10-27 12:51:11,11143,54051,109
"Claudia Tenney is GREAT. Loves New York &amp; USA. She has my Full &amp; Complete Endorsement! VOTE https://t.co/30sGVdMDLu",2020-10-27 12:43:30,6626,33439,99
"Rose is a disaster for New York. Not listened to, or respected, in Washington. A puppet for Pelosi! https://t.co/lvs7UnC2bI",2020-10-27 12:40:07,6358,30244,99
"Let New York’s Finest finally do their job! https://t.co/XqURHZxCxP",2020-10-27 12:36:50,6284,36007,43
"MAKE AMERICA GREAT AGAIN!",2020-10-27 11:54:03,37189,284031,25
"7 DAYS!!!",2020-10-27 11:53:25,27001,236370,9
"The Real Polls are now saying that I am WINNING! Biggest (and most exciting) Rallies EVER. Rasmussen, 53% National. https://t.co/3KcpdwTmjv",2020-10-27 11:51:11,14005,69490,115
".@TheJusticeDept https://t.co/3yMKdapTt8",2020-10-27 11:45:31,7666,30349,16
"ALL THE FAKE NEWS MEDIA WANTS TO TALK ABOUT IS COVID, COVID, COVID. ON NOVEMBER 4th, YOU WON’T BE HEARING SO MUCH ABOUT IT ANYMORE. WE ARE ROUNDING THE TURN!!!",2020-10-27 11:31:39,26363,156356,159
"Philadelpiha MUST HAVE POLLWATCHERS!",2020-10-27 11:27:09,24042,149508,36
"Drudge is DOWN 61% since he went Liberal and/or Crazy.  Heading to oblivion! https://t.co/AD6Jcey7vW",2020-10-27 11:16:57,8085,44297,76
"I agree! https://t.co/HlcuuyhZtz",2020-10-27 11:08:12,7794,68238,8
"Biden’s Handler’s want to expand the Court. This would be very bad for the USA. On top of that they don’t want to provide a list of who would be chosen for the Court. MUST HAVE A LIST OF THESE RADICAL LEFT JUDGES!",2020-10-27 11:07:32,15824,82303,213
"Strongly Trending (Google) since immediately after the second debate is CAN I CHANGE MY VOTE? This refers changing it to me. The answer in most states is YES. Go do it. Most important Election of your life!",2020-10-27 10:53:06,52190,210945,206
"https://t.co/Wv6WVH6US8",2020-10-27 03:41:08,30436,150301,0
"https://t.co/sFRCTwIwPm",2020-10-27 02:21:12,28326,166056,23
"https://t.co/bjC5XWlfOJ",2020-10-27 02:21:04,9162,53008,23
"https://t.co/CCuTybUbqi",2020-10-27 02:20:54,10256,64178,23
"https://t.co/5FaguoWuHU",2020-10-27 02:20:11,8511,48567,23
"https://t.co/gsFSghkmdM https://t.co/zNoPFsTnn3",2020-10-27 00:00:25,16819,77786,23
"Big problems and discrepancies with Mail In Ballots all over the USA. Must have final total on November 3rd.",2020-10-26 23:43:16,0,0,108
"https://t.co/RjtXxzjuuo",2020-10-26 22:43:43,21442,144385,0
"https://t.co/aax936uVzZ",2020-10-26 22:38:39,7522,42240,23
"https://t.co/UPt8DZQC4N",2020-10-26 22:38:31,6768,36686,23
"https://t.co/JlSNwSv2zZ",2020-10-26 22:38:16,6512,35144,23
"Thank you Martinsburg, Pennsylvania! #MAGA https://t.co/RddwLxMfxL https://t.co/w6dpfZbdYO",2020-10-26 22:22:36,8541,47043,66
"Last week, Joe Biden made perhaps the most shocking admission ever uttered in the history of presidential debates. On live television, Joe Biden confirmed his plan to ABOLISH the entire U.S. Oil Industry—that means NO fracking, NO jobs, and NO energy for Pennsylvania Families!",2020-10-26 19:59:03,42057,174617,277
"https://t.co/gsFSgh2KPc",2020-10-26 19:37:46,7945,43561,23
"https://t.co/BC2h4oZhQp",2020-10-26 19:35:46,19261,61746,23
"Thank you Lititz, Pennsylvania! MAKE AMERICA GREAT AGAIN!! 
https://t.co/8o90JJBj3v",2020-10-26 19:32:32,10010,52998,83
"https://t.co/JRgOPXosfY",2020-10-26 17:06:43,10133,52046,23
"Played this video at today’s rally in Allentown, Pennsylvania—a must watch! https://t.co/BC2h4oZhQp",2020-10-26 17:00:24,40324,105743,99
"Thank you Allentown, Pennsylvania! Together, we are going to MAKE AMERICA GREAT AGAIN! https://t.co/gsFSghkmdM https://t.co/aA0I8pBEGb https://t.co/ngUKFNhM0Q",2020-10-26 16:53:10,9717,49992,134
"Thank you! #MAGA https://t.co/4hBUMgeAHi",2020-10-26 14:36:02,26499,137027,40
"https://t.co/gsFSghkmdM https://t.co/CgDeqKDXGH",2020-10-26 13:06:04,19630,81694,23
"The Fake News Media is riding COVID, COVID, COVID, all the way to the Election. Losers!",2020-10-26 12:58:11,52203,329467,87
"Cases up because we TEST, TEST, TEST. A Fake News Media Conspiracy. Many young people who heal very fast. 99.9%. Corrupt Media conspiracy at all time high. On November 4th., topic will totally change. VOTE!",2020-10-26 12:46:31,34725,174927,206
"New York, California, Illinois. People are FLEEING, Taxes and Crime are going through the roof. VOTE TRUMP, I will turn it around, and FAST!",2020-10-26 11:46:52,30042,163975,140
"MAKE AMERICA GREAT AGAIN!",2020-10-26 11:41:40,48340,350266,25
"We are winning big on the voting numbers. Get out and Vote. Bigger than 2016!!!",2020-10-26 11:41:15,29829,188922,79
"Three BIG Rallies today. Heading to Pennsylvania. I have plenty to say about the dishonesty of the Media and Sleepy Joe. A terrible coverup is happening in our Country!!!",2020-10-26 11:39:56,24439,122416,170
"We have made tremendous progress with the China Virus, but the Fake News refuses to talk about it this close to the Election. COVID, COVID, COVID is being used by them, in total coordination, in order to change our great early election numbers.Should be an election law violation!",2020-10-26 11:36:35,21530,109560,280
"Joe Biden called me George yesterday. Couldn’t remember my name. Got some help from the anchor to get him through the interview. The Fake News Cartel is working overtime to cover it up!",2020-10-26 11:30:44,56925,279042,185
"“A Pennsylvania Appeals Court turns down the Trump Administrations request for Poll Watchers to monitor satellite election offices.” @OANN  How terrible is this? We are just seeking a fair vote count. This can only lead to very bad things. Bad intentions much??? Disgraceful!!!",2020-10-26 04:39:11,36180,144287,277
"Texas, Pennsylvania, Ohio, and others, please watch. His party, and Joe, will stop Fracking immediately. Millions of jobs lost as energy prices soar. Vote Trump! https://t.co/YHQyvfetSp",2020-10-25 23:24:33,30664,111024,161
"Suburban women are STRONG for President Trump. Watch this @60Minutes clip! https://t.co/DL38a1qUAz",2020-10-25 23:19:11,13958,69253,74
"In honor of Maine! https://t.co/cR5fdwgSDh",2020-10-25 22:22:58,11647,57275,18
"Biden dumped New Hampshire in the Dem Primaries, left early. I had my first big victory there - Do it again! https://t.co/7LzwR4Ot9W",2020-10-25 22:21:30,14227,73486,108
"Great people. Vote for Trump! https://t.co/ngDGgKuzOo",2020-10-25 22:15:41,13923,75773,29
"Congratulations to Armenian Prime Minister Nikol Pashinyan and Azerbaijani President Ilham Aliyev, who just agreed to adhere to a cease fire effective at midnight. Many lives will be saved. Proud of my team @SecPompeo &amp; Steve Biegun &amp; @WHNSC for getting the deal done!",2020-10-25 21:44:43,39042,184147,276
"Thank you Rabbis! https://t.co/Lwo07ggfuc",2020-10-25 21:43:31,14654,70788,17
"https://t.co/GiekCMY3tY",2020-10-25 21:39:15,9175,45323,23
"THANK YOU MAINE! #MAGA
https://t.co/bE4MhH23o9",2020-10-25 21:38:50,14870,85984,46
"He didn’t stick around for the primaries, either. He left WAY early https://t.co/dXBTtMP010",2020-10-25 19:18:16,13924,69789,67
"https://t.co/gsFSgh2KPc https://t.co/KTe3etEKhs",2020-10-25 18:45:43,11307,64550,23
"Amazing! https://t.co/jQXxeQlovz",2020-10-25 18:39:29,8917,44333,8
"THANK YOU NEW HAMPSHIRE!
https://t.co/XEoCm4v1M5",2020-10-25 18:31:04,10693,63098,48
"Congratulations to @SenRonJohnson for his dogged pursuit, as Chairman of Homeland, of POLITICAL CORRUPTION!",2020-10-25 15:51:43,22264,120749,107
"Have a GREAT “MAGA-GRAS” Rally today on our wonderful Long Island. Cut Taxes, Stop Crime, VOTE FOR TRUMP. Our City and State are a MESS. What do you have to lose? Thank you!!!",2020-10-25 13:57:55,30510,177265,175
"Pennsylvania Ballot “mistakes” made, in my opinion, on purpose by the Democrat Governor, puts Republicans, in particular @SeanParnellUSA, at great risk. Corrupt politics in Pennsylvania must be investigated immediately. By the way, Philadelphia is out of control. @TheJusticeDept",2020-10-25 12:45:49,31208,114309,279
"So important to VOTE for Republicans in the House. Break away from Pelosi and her high Taxing new Radical Left friends. Protect your 2nd Amendment, Military, Vets, and sooo much more!",2020-10-25 12:08:59,44006,210463,183
".@SeanParnellUSA is a bright star for Pennsylvania. Military, Vets, Low Taxes and your 2nd Amendment will be totally protected. His opponent is a weak and ineffective puppet for Pelosi and her new Radical Left friends. Vote for Sean Parnell!",2020-10-25 12:02:12,19898,86170,241
"So true! https://t.co/obRV4tvaNo",2020-10-25 05:05:03,16096,93575,8
